interviewer_emotions,interviewer_emotion_score,interviewer_thoughts,interviewer_response,interviewee_response,reward,conversation_history
,50,,"*thoughts: This candidate seems ready for the interview but hasn't introduced themselves or shown much enthusiasm yet. I'll start with a warm welcome and set the stage for our conversation.*

*emotions: I'm feeling neutral but optimistic about this candidate. First impressions matter, so I'm interested to see how they engage from here.*

Hello there! It's great to meet you. I'm conducting the product management skills assessment today. Before we dive into specific areas, could you tell me a bit about your background in product management and perhaps share a brief overview of a product you've worked on that you're particularly proud of?","Hi. Yes, I'm Casey. I've worked for three years in product management at two AI startups. 

At my current role with NeuralTech, I've been developing an AI-powered data analysis tool. The technical architecture is quite sophisticated - we're using advanced machine learning algorithms that outperform our competitors by 23% on benchmark tests. I architected the feature prioritization framework that optimized our development cycles.

Before that, I was at AlgoSystems where I managed their natural language processing product. I implemented a technical roadmap that increased processing efficiency by 31%. 

To be honest, I'm not sure which product I'm ""proud of"" specifically. They both had solid technical implementations. The NeuralTech product is probably more advanced from an engineering perspective. We had some issues with customer adoption timelines not meeting projections, but that was mostly due to the sales team overpromising on delivery dates that weren't realistic given the technical complexity.",0,[]
I'm feeling a bit concerned about this candidate's approach. They're very technically focused but showing minimal enthusiasm or customer perspective. Their comment about the sales team feels a bit blame-shifting rather than collaborative. I'm reserving judgment but would like to see more product management mindset beyond technical details.,35,"This candidate seems highly technical but demonstrates a concerning lack of customer-centricity. They discussed AI architectures and algorithms but didn't mention user problems or customer value. Their achievements are framed in technical metrics rather than business outcomes. The comment about sales ""overpromising"" raises a red flag about cross-functional collaboration and ownership mentality. I need to probe whether they understand that product management is about more than technical implementation.","

Thanks for the introduction, Casey. You clearly have strong technical expertise in AI products. I'd like to dive deeper into your product management approach now.

Let's start with market positioning. For your AI data analysis tool at NeuralTech, how did you position it in the market? What was your target customer segment, and how did you differentiate your offering from alternatives?","I positioned the tool as technically superior - it's 23% more accurate than competitors on standardized benchmarks. That's the main differentiator.

As for target customers, we aimed at enterprise data science teams. The engineering team developed features to handle large datasets, which aligned with enterprise needs. We had all the technical specifications that enterprise customers would want.

The market positioning was straightforward - we had better technology. I don't really understand why we needed to complicate it beyond that. Our VP of Marketing kept talking about ""value propositions"" and ""customer pain points,"" but customers should care about having the best algorithm.

Honestly, one challenge was that the sales team kept bringing in prospects who weren't technically sophisticated enough to appreciate our product's advantages. They'd ask for simplified interfaces and basic features rather than focusing on our algorithmic improvements. If they'd targeted the right technical buyers like I suggested, we probably wouldn't have had the adoption issues I mentioned earlier.",-15,"[{""interviewer_response"": ""Interviewer: \n\nThanks for the introduction, Casey. You clearly have strong technical expertise in AI products. I'd like to dive deeper into your product management approach now.\n\nLet's start with market positioning. For your AI data analysis tool at NeuralTech, how did you position it in the market? What was your target customer segment, and how did you differentiate your offering from alternatives?."", ""interviewee_response"": ""You answered: I positioned the tool as technically superior - it's 23% more accurate than competitors on standardized benchmarks. That's the main differentiator.\n\nAs for target customers, we aimed at enterprise data science teams. The engineering team developed features to handle large datasets, which aligned with enterprise needs. We had all the technical specifications that enterprise customers would want.\n\nThe market positioning was straightforward - we had better technology. I don't really understand why we needed to complicate it beyond that. Our VP of Marketing kept talking about \""value propositions\"" and \""customer pain points,\"" but customers should care about having the best algorithm.\n\nHonestly, one challenge was that the sales team kept bringing in prospects who weren't technically sophisticated enough to appreciate our product's advantages. They'd ask for simplified interfaces and basic features rather than focusing on our algorithmic improvements. If they'd targeted the right technical buyers like I suggested, we probably wouldn't have had the adoption issues I mentioned earlier..""}]"
"I'm feeling increasingly concerned about this candidate. They have a deeply technical mindset but show a dismissive attitude toward marketing and sales perspectives. There's a troubling lack of customer empathy and business understanding. They seem to believe technical superiority alone drives product success, which contradicts fundamental product management principles. I'm skeptical about their ability to lead cross-functional product efforts effectively.",25,"This candidate has a significant disconnect from core product management principles. They view product exclusively through a technical lens, missing that products exist to solve customer problems. There's a concerning tendency to dismiss other functions' perspectives (marketing, sales) rather than synthesizing them. They show minimal customer empathy, viewing technical specifications as inherently valuable rather than as means to deliver customer outcomes. Their tendency to blame other teams raises red flags about their ability to collaborate and take ownership. I should explore their ability to understand user needs and cross-functional collaboration. So far, they seem more suited to a technical role than true product management.","

I appreciate your technical focus, Casey. Let's shift to competitive analysis. Beyond benchmarking algorithm performance, what process did you use to evaluate competitors? How did you identify their strengths and weaknesses in terms of their overall offerings, pricing strategies, and go-to-market approaches?","I didn't do much formal competitive analysis beyond the technical benchmarking. Our CTO ran those tests comparing our algorithms against competitors, and the 23% improvement was really all we needed to know.

For pricing, I looked at competitors' websites to see what they charged, and we positioned ourselves slightly higher since our technology was better. I figured customers would pay more for superior performance.

As for strengths and weaknesses, it was pretty obvious - our strength was technical excellence, and their weakness was inferior algorithms. Our VP of Marketing kept insisting we needed to do customer interviews and competitive analysis spreadsheets, but that seemed like a waste of time when the technical differences were so clear.

Go-to-market wasn't really my focus. I built the product roadmap based on what features would improve our technical metrics. The marketing team was supposed to handle the rest, but they kept asking me for ""customer stories"" and ""use cases"" instead of just explaining our technical advantages. If customers can't see why a 23% better algorithm is valuable, I don't know what to tell them.",-10,"[{""interviewer_response"": ""Interviewer: \n\nThanks for the introduction, Casey. You clearly have strong technical expertise in AI products. I'd like to dive deeper into your product management approach now.\n\nLet's start with market positioning. For your AI data analysis tool at NeuralTech, how did you position it in the market? What was your target customer segment, and how did you differentiate your offering from alternatives?."", ""interviewee_response"": ""You answered: I positioned the tool as technically superior - it's 23% more accurate than competitors on standardized benchmarks. That's the main differentiator.\n\nAs for target customers, we aimed at enterprise data science teams. The engineering team developed features to handle large datasets, which aligned with enterprise needs. We had all the technical specifications that enterprise customers would want.\n\nThe market positioning was straightforward - we had better technology. I don't really understand why we needed to complicate it beyond that. Our VP of Marketing kept talking about \""value propositions\"" and \""customer pain points,\"" but customers should care about having the best algorithm.\n\nHonestly, one challenge was that the sales team kept bringing in prospects who weren't technically sophisticated enough to appreciate our product's advantages. They'd ask for simplified interfaces and basic features rather than focusing on our algorithmic improvements. If they'd targeted the right technical buyers like I suggested, we probably wouldn't have had the adoption issues I mentioned earlier..""}, {""interviewer_response"": ""Interviewer: \n\nI appreciate your technical focus, Casey. Let's shift to competitive analysis. Beyond benchmarking algorithm performance, what process did you use to evaluate competitors? How did you identify their strengths and weaknesses in terms of their overall offerings, pricing strategies, and go-to-market approaches?."", ""interviewee_response"": ""You answered: I didn't do much formal competitive analysis beyond the technical benchmarking. Our CTO ran those tests comparing our algorithms against competitors, and the 23% improvement was really all we needed to know.\n\nFor pricing, I looked at competitors' websites to see what they charged, and we positioned ourselves slightly higher since our technology was better. I figured customers would pay more for superior performance.\n\nAs for strengths and weaknesses, it was pretty obvious - our strength was technical excellence, and their weakness was inferior algorithms. Our VP of Marketing kept insisting we needed to do customer interviews and competitive analysis spreadsheets, but that seemed like a waste of time when the technical differences were so clear.\n\nGo-to-market wasn't really my focus. I built the product roadmap based on what features would improve our technical metrics. The marketing team was supposed to handle the rest, but they kept asking me for \""customer stories\"" and \""use cases\"" instead of just explaining our technical advantages. If customers can't see why a 23% better algorithm is valuable, I don't know what to tell them..""}]"
"I'm feeling frustrated and disappointed with this candidate. Their approach to product management is fundamentally misaligned with best practices. They show persistent disregard for customer needs, dismiss marketing perspectives as unnecessary, and lack understanding of basic product fundamentals beyond technical features. Their answers reveal a concerning lack of business acumen and cross-functional collaboration. I'm convinced they would struggle significantly in a true product management role.",20,"This candidate is a strong technical person who has been miscast as a product manager. They have almost no product management instincts or understanding. They dismiss competitive analysis, customer research, use cases, and cross-functional collaboration as unnecessary. There's a troubling pattern of blaming marketing and sales for product adoption issues while refusing to engage with their perspectives. This person approaches product purely as a technical exercise rather than a business discipline focused on solving customer problems. They would likely create significant team dysfunction and business misalignment in a PM role. I strongly recommend against hiring them as a product manager - they would be better suited to a technical role where their algorithmic expertise would be valuable without requiring the customer-centric, collaborative approach that product management demands.","

Thank you for that perspective. Let's talk about TAM calculation - Total Addressable Market. How did you approach calculating the market opportunity for your AI data analysis tool? What methodology did you use to estimate market size and potential revenue?","I didn't personally calculate the TAM - that's more of a business thing that our CEO handled. I remember seeing some slides about it in investor presentations with big numbers, maybe billions or something.

If I had to guess, I think they just looked at how many enterprises might need data analysis and multiplied by some average deal size. That's the standard formula, right?

The way I see it, TAM calculations are mostly made-up numbers to impress investors. What really matters is building superior technology. If your product is 23% better than competitors, the market size takes care of itself.

Our VP of Sales once asked me to help refine the TAM calculation, but I told him I needed to focus on the product roadmap instead. The engineering team needed my input on technical specifications, which seemed more important than these theoretical market projections that never match reality anyway.",-5,"[{""interviewer_response"": ""Interviewer: \n\nThanks for the introduction, Casey. You clearly have strong technical expertise in AI products. I'd like to dive deeper into your product management approach now.\n\nLet's start with market positioning. For your AI data analysis tool at NeuralTech, how did you position it in the market? What was your target customer segment, and how did you differentiate your offering from alternatives?."", ""interviewee_response"": ""You answered: I positioned the tool as technically superior - it's 23% more accurate than competitors on standardized benchmarks. That's the main differentiator.\n\nAs for target customers, we aimed at enterprise data science teams. The engineering team developed features to handle large datasets, which aligned with enterprise needs. We had all the technical specifications that enterprise customers would want.\n\nThe market positioning was straightforward - we had better technology. I don't really understand why we needed to complicate it beyond that. Our VP of Marketing kept talking about \""value propositions\"" and \""customer pain points,\"" but customers should care about having the best algorithm.\n\nHonestly, one challenge was that the sales team kept bringing in prospects who weren't technically sophisticated enough to appreciate our product's advantages. They'd ask for simplified interfaces and basic features rather than focusing on our algorithmic improvements. If they'd targeted the right technical buyers like I suggested, we probably wouldn't have had the adoption issues I mentioned earlier..""}, {""interviewer_response"": ""Interviewer: \n\nI appreciate your technical focus, Casey. Let's shift to competitive analysis. Beyond benchmarking algorithm performance, what process did you use to evaluate competitors? How did you identify their strengths and weaknesses in terms of their overall offerings, pricing strategies, and go-to-market approaches?."", ""interviewee_response"": ""You answered: I didn't do much formal competitive analysis beyond the technical benchmarking. Our CTO ran those tests comparing our algorithms against competitors, and the 23% improvement was really all we needed to know.\n\nFor pricing, I looked at competitors' websites to see what they charged, and we positioned ourselves slightly higher since our technology was better. I figured customers would pay more for superior performance.\n\nAs for strengths and weaknesses, it was pretty obvious - our strength was technical excellence, and their weakness was inferior algorithms. Our VP of Marketing kept insisting we needed to do customer interviews and competitive analysis spreadsheets, but that seemed like a waste of time when the technical differences were so clear.\n\nGo-to-market wasn't really my focus. I built the product roadmap based on what features would improve our technical metrics. The marketing team was supposed to handle the rest, but they kept asking me for \""customer stories\"" and \""use cases\"" instead of just explaining our technical advantages. If customers can't see why a 23% better algorithm is valuable, I don't know what to tell them..""}, {""interviewer_response"": ""Interviewer: \n\nThank you for that perspective. Let's talk about TAM calculation - Total Addressable Market. How did you approach calculating the market opportunity for your AI data analysis tool? What methodology did you use to estimate market size and potential revenue?."", ""interviewee_response"": ""You answered: I didn't personally calculate the TAM - that's more of a business thing that our CEO handled. I remember seeing some slides about it in investor presentations with big numbers, maybe billions or something.\n\nIf I had to guess, I think they just looked at how many enterprises might need data analysis and multiplied by some average deal size. That's the standard formula, right?\n\nThe way I see it, TAM calculations are mostly made-up numbers to impress investors. What really matters is building superior technology. If your product is 23% better than competitors, the market size takes care of itself.\n\nOur VP of Sales once asked me to help refine the TAM calculation, but I told him I needed to focus on the product roadmap instead. The engineering team needed my input on technical specifications, which seemed more important than these theoretical market projections that never match reality anyway..""}]"
"I'm feeling completely convinced this is not a viable product management candidate. Their dismissive attitude toward fundamental business concepts is alarming. They show no interest in market sizing, customer needs, or business strategy - all critical PM responsibilities. Their consistent pattern of deflecting business questions while emphasizing technical specs demonstrates a profound misunderstanding of the product manager role. I'm now certain they would be unsuccessful in this position.",15,"This candidate is completely unsuitable for a product management role. They lack fundamental understanding of or interest in the business side of product management. Their dismissive attitude toward TAM calculations, competitive analysis, and market positioning reveals they don't grasp that product management is primarily a business function. They consistently deflect responsibility for business outcomes while focusing exclusively on technical details. There's a pattern of disregarding input from marketing, sales, and executives in favor of engineering priorities. They seem to believe technical superiority automatically leads to business success, showing a fundamental misunderstanding of how markets work. This person would create significant misalignment between product development and business goals. They would be better suited for a technical product architect or engineering role rather than a true product management position that requires business acumen and cross-functional leadership.","

I understand. Let's move to documentation processes. Could you describe your approach to creating MRDs (Market Requirements Documents) and PRDs (Product Requirements Documents)? What information do you include in each, and how do you ensure they effectively communicate customer needs to engineering teams?","Documentation is straightforward. For PRDs, I focus on the technical specifications and acceptance criteria - things like algorithm performance thresholds, data processing capabilities, and API requirements. I create detailed flowcharts and system diagrams that engineers can follow.

As for MRDs... honestly, I don't really write formal MRDs. I've read about them in articles, but they seem redundant. I typically just have a section at the beginning of the PRD that mentions what problem we're solving. The engineers care about the technical requirements, not marketing fluff.

When communicating with the engineering team, I make sure to be precise about technical specifications. They appreciate that I don't waste their time with unnecessary customer stories or ""user journeys"" like our product marketing manager always wants to include. 

One time our CTO complained that my documentation didn't explain ""why"" we were building certain features, but I told him the ""why"" was obvious - to make the product technically superior. If the documentation specifies a 35% improvement in processing speed, do I really need to explain why that's good?",-5,"[{""interviewer_response"": ""Interviewer: \n\nThanks for the introduction, Casey. You clearly have strong technical expertise in AI products. I'd like to dive deeper into your product management approach now.\n\nLet's start with market positioning. For your AI data analysis tool at NeuralTech, how did you position it in the market? What was your target customer segment, and how did you differentiate your offering from alternatives?."", ""interviewee_response"": ""You answered: I positioned the tool as technically superior - it's 23% more accurate than competitors on standardized benchmarks. That's the main differentiator.\n\nAs for target customers, we aimed at enterprise data science teams. The engineering team developed features to handle large datasets, which aligned with enterprise needs. We had all the technical specifications that enterprise customers would want.\n\nThe market positioning was straightforward - we had better technology. I don't really understand why we needed to complicate it beyond that. Our VP of Marketing kept talking about \""value propositions\"" and \""customer pain points,\"" but customers should care about having the best algorithm.\n\nHonestly, one challenge was that the sales team kept bringing in prospects who weren't technically sophisticated enough to appreciate our product's advantages. They'd ask for simplified interfaces and basic features rather than focusing on our algorithmic improvements. If they'd targeted the right technical buyers like I suggested, we probably wouldn't have had the adoption issues I mentioned earlier..""}, {""interviewer_response"": ""Interviewer: \n\nI appreciate your technical focus, Casey. Let's shift to competitive analysis. Beyond benchmarking algorithm performance, what process did you use to evaluate competitors? How did you identify their strengths and weaknesses in terms of their overall offerings, pricing strategies, and go-to-market approaches?."", ""interviewee_response"": ""You answered: I didn't do much formal competitive analysis beyond the technical benchmarking. Our CTO ran those tests comparing our algorithms against competitors, and the 23% improvement was really all we needed to know.\n\nFor pricing, I looked at competitors' websites to see what they charged, and we positioned ourselves slightly higher since our technology was better. I figured customers would pay more for superior performance.\n\nAs for strengths and weaknesses, it was pretty obvious - our strength was technical excellence, and their weakness was inferior algorithms. Our VP of Marketing kept insisting we needed to do customer interviews and competitive analysis spreadsheets, but that seemed like a waste of time when the technical differences were so clear.\n\nGo-to-market wasn't really my focus. I built the product roadmap based on what features would improve our technical metrics. The marketing team was supposed to handle the rest, but they kept asking me for \""customer stories\"" and \""use cases\"" instead of just explaining our technical advantages. If customers can't see why a 23% better algorithm is valuable, I don't know what to tell them..""}, {""interviewer_response"": ""Interviewer: \n\nThank you for that perspective. Let's talk about TAM calculation - Total Addressable Market. How did you approach calculating the market opportunity for your AI data analysis tool? What methodology did you use to estimate market size and potential revenue?."", ""interviewee_response"": ""You answered: I didn't personally calculate the TAM - that's more of a business thing that our CEO handled. I remember seeing some slides about it in investor presentations with big numbers, maybe billions or something.\n\nIf I had to guess, I think they just looked at how many enterprises might need data analysis and multiplied by some average deal size. That's the standard formula, right?\n\nThe way I see it, TAM calculations are mostly made-up numbers to impress investors. What really matters is building superior technology. If your product is 23% better than competitors, the market size takes care of itself.\n\nOur VP of Sales once asked me to help refine the TAM calculation, but I told him I needed to focus on the product roadmap instead. The engineering team needed my input on technical specifications, which seemed more important than these theoretical market projections that never match reality anyway..""}, {""interviewer_response"": ""Interviewer: \n\nI understand. Let's move to documentation processes. Could you describe your approach to creating MRDs (Market Requirements Documents) and PRDs (Product Requirements Documents)? What information do you include in each, and how do you ensure they effectively communicate customer needs to engineering teams?."", ""interviewee_response"": ""You answered: Documentation is straightforward. For PRDs, I focus on the technical specifications and acceptance criteria - things like algorithm performance thresholds, data processing capabilities, and API requirements. I create detailed flowcharts and system diagrams that engineers can follow.\n\nAs for MRDs... honestly, I don't really write formal MRDs. I've read about them in articles, but they seem redundant. I typically just have a section at the beginning of the PRD that mentions what problem we're solving. The engineers care about the technical requirements, not marketing fluff.\n\nWhen communicating with the engineering team, I make sure to be precise about technical specifications. They appreciate that I don't waste their time with unnecessary customer stories or \""user journeys\"" like our product marketing manager always wants to include. \n\nOne time our CTO complained that my documentation didn't explain \""why\"" we were building certain features, but I told him the \""why\"" was obvious - to make the product technically superior. If the documentation specifies a 35% improvement in processing speed, do I really need to explain why that's good?.""}]"
"I'm completely certain this candidate should not be hired for a product management role. They fundamentally misunderstand the purpose of product management, seeing it as a technical specification role rather than a market-driven discipline. Their dismissal of MRDs, customer stories, and business context as ""marketing fluff"" reveals they lack the most basic understanding of what product management is about. I'm now convinced they would actively harm the organization's product efforts.",15,"This candidate doesn't understand the fundamentals of product management at the most basic level. They see their role as translating engineering priorities rather than representing customer needs. Their dismissal of MRDs, customer stories, and the ""why"" behind features demonstrates a complete misalignment with product management principles. They view ""marketing fluff"" and technical specifications as opposites rather than understanding that customer needs drive technical requirements. Their documentation approach would leave engineering teams building technically sound features that might completely miss customer needs. This person is not a product manager - they're a technical writer or systems architect miscast in a PM role. Hiring them would be actively harmful to the organization as they would steer product development toward technical showpieces rather than solutions to customer problems. I strongly recommend against moving forward with this candidate for any product management position.","



I see. Now let's talk about your relationship with engineering teams. How do you collaborate with engineering throughout the development process? How do you handle situations where technical constraints might impact your product vision?","Engineering teams are the easiest part of my job - I speak their language. I typically hold weekly stand-ups where I present the requirements and answer any technical questions. I'm very specific about what needs to be built, so there's minimal confusion.

When technical constraints come up, I usually push back. Engineers sometimes claim things are ""too difficult"" or ""will take too long"" when they just need to work harder. At NeuralTech, the engineering team said implementing our advanced classification algorithm would take three months, but I challenged them to do it in six weeks. Sure, they weren't happy, but technical excellence requires pushing boundaries.

If something truly can't be done, I'll adjust the specifications, but I make sure engineers provide detailed technical justification first. Too often they just want easier work.

The relationship works best when engineering acknowledges my technical expertise. At AlgoSystems, some engineers questioned my architecture decisions, which was frustrating since I had already determined the optimal approach. Eventually, they realized I was right when the implementation succeeded.

I don't bother engineering with business concerns - they just need clear technical requirements so they can execute what I've designed.",0,"[{""interviewer_response"": ""Interviewer: \n\nThanks for the introduction, Casey. You clearly have strong technical expertise in AI products. I'd like to dive deeper into your product management approach now.\n\nLet's start with market positioning. For your AI data analysis tool at NeuralTech, how did you position it in the market? What was your target customer segment, and how did you differentiate your offering from alternatives?."", ""interviewee_response"": ""You answered: I positioned the tool as technically superior - it's 23% more accurate than competitors on standardized benchmarks. That's the main differentiator.\n\nAs for target customers, we aimed at enterprise data science teams. The engineering team developed features to handle large datasets, which aligned with enterprise needs. We had all the technical specifications that enterprise customers would want.\n\nThe market positioning was straightforward - we had better technology. I don't really understand why we needed to complicate it beyond that. Our VP of Marketing kept talking about \""value propositions\"" and \""customer pain points,\"" but customers should care about having the best algorithm.\n\nHonestly, one challenge was that the sales team kept bringing in prospects who weren't technically sophisticated enough to appreciate our product's advantages. They'd ask for simplified interfaces and basic features rather than focusing on our algorithmic improvements. If they'd targeted the right technical buyers like I suggested, we probably wouldn't have had the adoption issues I mentioned earlier..""}, {""interviewer_response"": ""Interviewer: \n\nI appreciate your technical focus, Casey. Let's shift to competitive analysis. Beyond benchmarking algorithm performance, what process did you use to evaluate competitors? How did you identify their strengths and weaknesses in terms of their overall offerings, pricing strategies, and go-to-market approaches?."", ""interviewee_response"": ""You answered: I didn't do much formal competitive analysis beyond the technical benchmarking. Our CTO ran those tests comparing our algorithms against competitors, and the 23% improvement was really all we needed to know.\n\nFor pricing, I looked at competitors' websites to see what they charged, and we positioned ourselves slightly higher since our technology was better. I figured customers would pay more for superior performance.\n\nAs for strengths and weaknesses, it was pretty obvious - our strength was technical excellence, and their weakness was inferior algorithms. Our VP of Marketing kept insisting we needed to do customer interviews and competitive analysis spreadsheets, but that seemed like a waste of time when the technical differences were so clear.\n\nGo-to-market wasn't really my focus. I built the product roadmap based on what features would improve our technical metrics. The marketing team was supposed to handle the rest, but they kept asking me for \""customer stories\"" and \""use cases\"" instead of just explaining our technical advantages. If customers can't see why a 23% better algorithm is valuable, I don't know what to tell them..""}, {""interviewer_response"": ""Interviewer: \n\nThank you for that perspective. Let's talk about TAM calculation - Total Addressable Market. How did you approach calculating the market opportunity for your AI data analysis tool? What methodology did you use to estimate market size and potential revenue?."", ""interviewee_response"": ""You answered: I didn't personally calculate the TAM - that's more of a business thing that our CEO handled. I remember seeing some slides about it in investor presentations with big numbers, maybe billions or something.\n\nIf I had to guess, I think they just looked at how many enterprises might need data analysis and multiplied by some average deal size. That's the standard formula, right?\n\nThe way I see it, TAM calculations are mostly made-up numbers to impress investors. What really matters is building superior technology. If your product is 23% better than competitors, the market size takes care of itself.\n\nOur VP of Sales once asked me to help refine the TAM calculation, but I told him I needed to focus on the product roadmap instead. The engineering team needed my input on technical specifications, which seemed more important than these theoretical market projections that never match reality anyway..""}, {""interviewer_response"": ""Interviewer: \n\nI understand. Let's move to documentation processes. Could you describe your approach to creating MRDs (Market Requirements Documents) and PRDs (Product Requirements Documents)? What information do you include in each, and how do you ensure they effectively communicate customer needs to engineering teams?."", ""interviewee_response"": ""You answered: Documentation is straightforward. For PRDs, I focus on the technical specifications and acceptance criteria - things like algorithm performance thresholds, data processing capabilities, and API requirements. I create detailed flowcharts and system diagrams that engineers can follow.\n\nAs for MRDs... honestly, I don't really write formal MRDs. I've read about them in articles, but they seem redundant. I typically just have a section at the beginning of the PRD that mentions what problem we're solving. The engineers care about the technical requirements, not marketing fluff.\n\nWhen communicating with the engineering team, I make sure to be precise about technical specifications. They appreciate that I don't waste their time with unnecessary customer stories or \""user journeys\"" like our product marketing manager always wants to include. \n\nOne time our CTO complained that my documentation didn't explain \""why\"" we were building certain features, but I told him the \""why\"" was obvious - to make the product technically superior. If the documentation specifies a 35% improvement in processing speed, do I really need to explain why that's good?.""}, {""interviewer_response"": ""Interviewer: \n\n\n\nI see. Now let's talk about your relationship with engineering teams. How do you collaborate with engineering throughout the development process? How do you handle situations where technical constraints might impact your product vision?."", ""interviewee_response"": ""You answered: Engineering teams are the easiest part of my job - I speak their language. I typically hold weekly stand-ups where I present the requirements and answer any technical questions. I'm very specific about what needs to be built, so there's minimal confusion.\n\nWhen technical constraints come up, I usually push back. Engineers sometimes claim things are \""too difficult\"" or \""will take too long\"" when they just need to work harder. At NeuralTech, the engineering team said implementing our advanced classification algorithm would take three months, but I challenged them to do it in six weeks. Sure, they weren't happy, but technical excellence requires pushing boundaries.\n\nIf something truly can't be done, I'll adjust the specifications, but I make sure engineers provide detailed technical justification first. Too often they just want easier work.\n\nThe relationship works best when engineering acknowledges my technical expertise. At AlgoSystems, some engineers questioned my architecture decisions, which was frustrating since I had already determined the optimal approach. Eventually, they realized I was right when the implementation succeeded.\n\nI don't bother engineering with business concerns - they just need clear technical requirements so they can execute what I've designed..""}]"
"I'm feeling completely negative about this candidate. Their approach to working with engineering is combative and disrespectful. They show no understanding of collaborative product development, instead viewing engineers as resources to be pushed and challenged rather than partners. Their dismissive attitude toward technical constraints and belief that engineers just ""need to work harder"" reveals an alarming leadership style that would create a toxic work environment. I'm now convinced this would be a destructive hire.",5,"This candidate would create a dysfunctional, potentially toxic relationship with engineering teams. They demonstrate no understanding of collaborative product development and instead view engineers as obstacles or resources to be pushed rather than creative partners in problem-solving. Their approach of challenging timelines without respecting technical expertise, dismissing concerns as engineers wanting ""easier work,"" and dictating technical solutions rather than listening to engineering input would create significant team friction and likely lead to burnout and turnover. The candidate lacks both empathy and humility - they believe their technical judgment overrides specialized engineering expertise and show no interest in learning from others. Combined with their previous answers showing dismissal of marketing, sales and business concerns, this paints a picture of someone who would create cross-functional dysfunction. This person should absolutely not be hired for a product management role at any level - they lack the fundamental collaborative skills, customer focus, and business understanding required for the role and would likely damage team morale and product outcomes.","



Thank you for sharing that perspective. Now, let's discuss the product launch process. Could you walk me through how you approach pre-launch activities and the actual launch of a product? What cross-functional teams do you work with, and how do you measure launch success?","Look, product launches are pretty straightforward. I create the technical specs, the engineering team builds the product, and then it gets released. At NeuralTech, I made sure all the features were fully functional and passed QA testing before launch.

For cross-functional coordination, I'd usually send emails to the marketing and sales teams with the technical specifications and release date. Sometimes they'd complain they needed more lead time, but that's not really my problem - product development timelines are what they are.

As for measuring success, I track technical metrics - user adoption rates, system performance, and whether we hit our engineering milestones. At AlgoSystems, we launched our NLP product and achieved a 31% performance improvement over previous versions, which was the main goal.

If you're asking about marketing activities, that's not really my domain. The marketing team usually handled things like announcements and webinars. They often wanted me to join customer calls to explain technical details, which was annoying because it took time away from my actual work.

One time our VP of Marketing got upset because I hadn't provided ""customer-friendly messaging"" for a launch, but that's marketing's job, not mine. I build the product; they're supposed to figure out how to sell it.",-10,"[{""interviewer_response"": ""Interviewer: \n\nThanks for the introduction, Casey. You clearly have strong technical expertise in AI products. I'd like to dive deeper into your product management approach now.\n\nLet's start with market positioning. For your AI data analysis tool at NeuralTech, how did you position it in the market? What was your target customer segment, and how did you differentiate your offering from alternatives?."", ""interviewee_response"": ""You answered: I positioned the tool as technically superior - it's 23% more accurate than competitors on standardized benchmarks. That's the main differentiator.\n\nAs for target customers, we aimed at enterprise data science teams. The engineering team developed features to handle large datasets, which aligned with enterprise needs. We had all the technical specifications that enterprise customers would want.\n\nThe market positioning was straightforward - we had better technology. I don't really understand why we needed to complicate it beyond that. Our VP of Marketing kept talking about \""value propositions\"" and \""customer pain points,\"" but customers should care about having the best algorithm.\n\nHonestly, one challenge was that the sales team kept bringing in prospects who weren't technically sophisticated enough to appreciate our product's advantages. They'd ask for simplified interfaces and basic features rather than focusing on our algorithmic improvements. If they'd targeted the right technical buyers like I suggested, we probably wouldn't have had the adoption issues I mentioned earlier..""}, {""interviewer_response"": ""Interviewer: \n\nI appreciate your technical focus, Casey. Let's shift to competitive analysis. Beyond benchmarking algorithm performance, what process did you use to evaluate competitors? How did you identify their strengths and weaknesses in terms of their overall offerings, pricing strategies, and go-to-market approaches?."", ""interviewee_response"": ""You answered: I didn't do much formal competitive analysis beyond the technical benchmarking. Our CTO ran those tests comparing our algorithms against competitors, and the 23% improvement was really all we needed to know.\n\nFor pricing, I looked at competitors' websites to see what they charged, and we positioned ourselves slightly higher since our technology was better. I figured customers would pay more for superior performance.\n\nAs for strengths and weaknesses, it was pretty obvious - our strength was technical excellence, and their weakness was inferior algorithms. Our VP of Marketing kept insisting we needed to do customer interviews and competitive analysis spreadsheets, but that seemed like a waste of time when the technical differences were so clear.\n\nGo-to-market wasn't really my focus. I built the product roadmap based on what features would improve our technical metrics. The marketing team was supposed to handle the rest, but they kept asking me for \""customer stories\"" and \""use cases\"" instead of just explaining our technical advantages. If customers can't see why a 23% better algorithm is valuable, I don't know what to tell them..""}, {""interviewer_response"": ""Interviewer: \n\nThank you for that perspective. Let's talk about TAM calculation - Total Addressable Market. How did you approach calculating the market opportunity for your AI data analysis tool? What methodology did you use to estimate market size and potential revenue?."", ""interviewee_response"": ""You answered: I didn't personally calculate the TAM - that's more of a business thing that our CEO handled. I remember seeing some slides about it in investor presentations with big numbers, maybe billions or something.\n\nIf I had to guess, I think they just looked at how many enterprises might need data analysis and multiplied by some average deal size. That's the standard formula, right?\n\nThe way I see it, TAM calculations are mostly made-up numbers to impress investors. What really matters is building superior technology. If your product is 23% better than competitors, the market size takes care of itself.\n\nOur VP of Sales once asked me to help refine the TAM calculation, but I told him I needed to focus on the product roadmap instead. The engineering team needed my input on technical specifications, which seemed more important than these theoretical market projections that never match reality anyway..""}, {""interviewer_response"": ""Interviewer: \n\nI understand. Let's move to documentation processes. Could you describe your approach to creating MRDs (Market Requirements Documents) and PRDs (Product Requirements Documents)? What information do you include in each, and how do you ensure they effectively communicate customer needs to engineering teams?."", ""interviewee_response"": ""You answered: Documentation is straightforward. For PRDs, I focus on the technical specifications and acceptance criteria - things like algorithm performance thresholds, data processing capabilities, and API requirements. I create detailed flowcharts and system diagrams that engineers can follow.\n\nAs for MRDs... honestly, I don't really write formal MRDs. I've read about them in articles, but they seem redundant. I typically just have a section at the beginning of the PRD that mentions what problem we're solving. The engineers care about the technical requirements, not marketing fluff.\n\nWhen communicating with the engineering team, I make sure to be precise about technical specifications. They appreciate that I don't waste their time with unnecessary customer stories or \""user journeys\"" like our product marketing manager always wants to include. \n\nOne time our CTO complained that my documentation didn't explain \""why\"" we were building certain features, but I told him the \""why\"" was obvious - to make the product technically superior. If the documentation specifies a 35% improvement in processing speed, do I really need to explain why that's good?.""}, {""interviewer_response"": ""Interviewer: \n\n\n\nI see. Now let's talk about your relationship with engineering teams. How do you collaborate with engineering throughout the development process? How do you handle situations where technical constraints might impact your product vision?."", ""interviewee_response"": ""You answered: Engineering teams are the easiest part of my job - I speak their language. I typically hold weekly stand-ups where I present the requirements and answer any technical questions. I'm very specific about what needs to be built, so there's minimal confusion.\n\nWhen technical constraints come up, I usually push back. Engineers sometimes claim things are \""too difficult\"" or \""will take too long\"" when they just need to work harder. At NeuralTech, the engineering team said implementing our advanced classification algorithm would take three months, but I challenged them to do it in six weeks. Sure, they weren't happy, but technical excellence requires pushing boundaries.\n\nIf something truly can't be done, I'll adjust the specifications, but I make sure engineers provide detailed technical justification first. Too often they just want easier work.\n\nThe relationship works best when engineering acknowledges my technical expertise. At AlgoSystems, some engineers questioned my architecture decisions, which was frustrating since I had already determined the optimal approach. Eventually, they realized I was right when the implementation succeeded.\n\nI don't bother engineering with business concerns - they just need clear technical requirements so they can execute what I've designed..""}, {""interviewer_response"": ""Interviewer: \n\n\n\nThank you for sharing that perspective. Now, let's discuss the product launch process. Could you walk me through how you approach pre-launch activities and the actual launch of a product? What cross-functional teams do you work with, and how do you measure launch success?."", ""interviewee_response"": ""You answered: Look, product launches are pretty straightforward. I create the technical specs, the engineering team builds the product, and then it gets released. At NeuralTech, I made sure all the features were fully functional and passed QA testing before launch.\n\nFor cross-functional coordination, I'd usually send emails to the marketing and sales teams with the technical specifications and release date. Sometimes they'd complain they needed more lead time, but that's not really my problem - product development timelines are what they are.\n\nAs for measuring success, I track technical metrics - user adoption rates, system performance, and whether we hit our engineering milestones. At AlgoSystems, we launched our NLP product and achieved a 31% performance improvement over previous versions, which was the main goal.\n\nIf you're asking about marketing activities, that's not really my domain. The marketing team usually handled things like announcements and webinars. They often wanted me to join customer calls to explain technical details, which was annoying because it took time away from my actual work.\n\nOne time our VP of Marketing got upset because I hadn't provided \""customer-friendly messaging\"" for a launch, but that's marketing's job, not mine. I build the product; they're supposed to figure out how to sell it..""}]"
"I'm completely convinced this person would be harmful to our organization. Their approach to cross-functional work is dismissive and siloed, showing no understanding of collaborative product launch processes. They view other departments as annoyances rather than partners and take no ownership of product success beyond technical specifications. This candidate fundamentally misunderstands the product management role and would create dysfunction across the organization.",15,"This candidate has conclusively demonstrated they have no understanding of product management. They view their role as solely creating technical specifications with no responsibility for go-to-market strategy, cross-functional coordination, or commercial success. They show active disdain for collaboration with marketing and sales, viewing customer calls and messaging development as ""annoyances"" rather than core responsibilities. Their success metrics focus exclusively on technical performance with no mention of business outcomes, customer satisfaction, or revenue goals. The pattern across all answers shows someone who believes product management is an engineering-adjacent role focused on technical specifications rather than a business function responsible for product-market fit and commercial success. Hiring this person would create organizational dysfunction, as they would actively resist the cross-functional collaboration necessary for successful product launches. They fundamentally misunderstand what product management is and would need extensive retraining on basic principles to be effective. I strongly recommend against hiring this candidate for any product management role.","





I understand. Let's talk about the final area - product maintenance and end-of-life cycles. How do you approach maintaining products after launch? When and how do you make decisions about sunsetting features or entire products?","I don't spend much time thinking about maintenance - it's not the exciting part of product management. Once we launch, I usually move on to the next feature development. The engineering team handles bug fixes and maintenance issues; they just need to meet the performance metrics I established initially.

For sunsetting features, it's pretty obvious when something isn't working - the usage metrics show it. At NeuralTech, we had a visualization component that almost no one used, so I just removed it from the roadmap. Some customers complained, but the data showed it wasn't worth maintaining.

I don't really use any formal framework for these decisions. It's inefficient to keep supporting features with low adoption, so I just cut them. At AlgoSystems, I removed three legacy features without much ceremony - just sent an email to customers giving them 30 days notice. The support team wasn't happy about the flood of customer calls, but they should have prepared better.

As for sunsetting entire products, that's typically a decision made by executives based on revenue. I provide the technical assessment, but I don't get involved in the business case. If they ask me, I tell them whether the technology is still competitive or if it's fallen behind.

Honestly, I prefer building new things rather than maintaining old ones. Maintenance doesn't showcase technical innovation.",10,"[{""interviewer_response"": ""Interviewer: \n\nThanks for the introduction, Casey. You clearly have strong technical expertise in AI products. I'd like to dive deeper into your product management approach now.\n\nLet's start with market positioning. For your AI data analysis tool at NeuralTech, how did you position it in the market? What was your target customer segment, and how did you differentiate your offering from alternatives?."", ""interviewee_response"": ""You answered: I positioned the tool as technically superior - it's 23% more accurate than competitors on standardized benchmarks. That's the main differentiator.\n\nAs for target customers, we aimed at enterprise data science teams. The engineering team developed features to handle large datasets, which aligned with enterprise needs. We had all the technical specifications that enterprise customers would want.\n\nThe market positioning was straightforward - we had better technology. I don't really understand why we needed to complicate it beyond that. Our VP of Marketing kept talking about \""value propositions\"" and \""customer pain points,\"" but customers should care about having the best algorithm.\n\nHonestly, one challenge was that the sales team kept bringing in prospects who weren't technically sophisticated enough to appreciate our product's advantages. They'd ask for simplified interfaces and basic features rather than focusing on our algorithmic improvements. If they'd targeted the right technical buyers like I suggested, we probably wouldn't have had the adoption issues I mentioned earlier..""}, {""interviewer_response"": ""Interviewer: \n\nI appreciate your technical focus, Casey. Let's shift to competitive analysis. Beyond benchmarking algorithm performance, what process did you use to evaluate competitors? How did you identify their strengths and weaknesses in terms of their overall offerings, pricing strategies, and go-to-market approaches?."", ""interviewee_response"": ""You answered: I didn't do much formal competitive analysis beyond the technical benchmarking. Our CTO ran those tests comparing our algorithms against competitors, and the 23% improvement was really all we needed to know.\n\nFor pricing, I looked at competitors' websites to see what they charged, and we positioned ourselves slightly higher since our technology was better. I figured customers would pay more for superior performance.\n\nAs for strengths and weaknesses, it was pretty obvious - our strength was technical excellence, and their weakness was inferior algorithms. Our VP of Marketing kept insisting we needed to do customer interviews and competitive analysis spreadsheets, but that seemed like a waste of time when the technical differences were so clear.\n\nGo-to-market wasn't really my focus. I built the product roadmap based on what features would improve our technical metrics. The marketing team was supposed to handle the rest, but they kept asking me for \""customer stories\"" and \""use cases\"" instead of just explaining our technical advantages. If customers can't see why a 23% better algorithm is valuable, I don't know what to tell them..""}, {""interviewer_response"": ""Interviewer: \n\nThank you for that perspective. Let's talk about TAM calculation - Total Addressable Market. How did you approach calculating the market opportunity for your AI data analysis tool? What methodology did you use to estimate market size and potential revenue?."", ""interviewee_response"": ""You answered: I didn't personally calculate the TAM - that's more of a business thing that our CEO handled. I remember seeing some slides about it in investor presentations with big numbers, maybe billions or something.\n\nIf I had to guess, I think they just looked at how many enterprises might need data analysis and multiplied by some average deal size. That's the standard formula, right?\n\nThe way I see it, TAM calculations are mostly made-up numbers to impress investors. What really matters is building superior technology. If your product is 23% better than competitors, the market size takes care of itself.\n\nOur VP of Sales once asked me to help refine the TAM calculation, but I told him I needed to focus on the product roadmap instead. The engineering team needed my input on technical specifications, which seemed more important than these theoretical market projections that never match reality anyway..""}, {""interviewer_response"": ""Interviewer: \n\nI understand. Let's move to documentation processes. Could you describe your approach to creating MRDs (Market Requirements Documents) and PRDs (Product Requirements Documents)? What information do you include in each, and how do you ensure they effectively communicate customer needs to engineering teams?."", ""interviewee_response"": ""You answered: Documentation is straightforward. For PRDs, I focus on the technical specifications and acceptance criteria - things like algorithm performance thresholds, data processing capabilities, and API requirements. I create detailed flowcharts and system diagrams that engineers can follow.\n\nAs for MRDs... honestly, I don't really write formal MRDs. I've read about them in articles, but they seem redundant. I typically just have a section at the beginning of the PRD that mentions what problem we're solving. The engineers care about the technical requirements, not marketing fluff.\n\nWhen communicating with the engineering team, I make sure to be precise about technical specifications. They appreciate that I don't waste their time with unnecessary customer stories or \""user journeys\"" like our product marketing manager always wants to include. \n\nOne time our CTO complained that my documentation didn't explain \""why\"" we were building certain features, but I told him the \""why\"" was obvious - to make the product technically superior. If the documentation specifies a 35% improvement in processing speed, do I really need to explain why that's good?.""}, {""interviewer_response"": ""Interviewer: \n\n\n\nI see. Now let's talk about your relationship with engineering teams. How do you collaborate with engineering throughout the development process? How do you handle situations where technical constraints might impact your product vision?."", ""interviewee_response"": ""You answered: Engineering teams are the easiest part of my job - I speak their language. I typically hold weekly stand-ups where I present the requirements and answer any technical questions. I'm very specific about what needs to be built, so there's minimal confusion.\n\nWhen technical constraints come up, I usually push back. Engineers sometimes claim things are \""too difficult\"" or \""will take too long\"" when they just need to work harder. At NeuralTech, the engineering team said implementing our advanced classification algorithm would take three months, but I challenged them to do it in six weeks. Sure, they weren't happy, but technical excellence requires pushing boundaries.\n\nIf something truly can't be done, I'll adjust the specifications, but I make sure engineers provide detailed technical justification first. Too often they just want easier work.\n\nThe relationship works best when engineering acknowledges my technical expertise. At AlgoSystems, some engineers questioned my architecture decisions, which was frustrating since I had already determined the optimal approach. Eventually, they realized I was right when the implementation succeeded.\n\nI don't bother engineering with business concerns - they just need clear technical requirements so they can execute what I've designed..""}, {""interviewer_response"": ""Interviewer: \n\n\n\nThank you for sharing that perspective. Now, let's discuss the product launch process. Could you walk me through how you approach pre-launch activities and the actual launch of a product? What cross-functional teams do you work with, and how do you measure launch success?."", ""interviewee_response"": ""You answered: Look, product launches are pretty straightforward. I create the technical specs, the engineering team builds the product, and then it gets released. At NeuralTech, I made sure all the features were fully functional and passed QA testing before launch.\n\nFor cross-functional coordination, I'd usually send emails to the marketing and sales teams with the technical specifications and release date. Sometimes they'd complain they needed more lead time, but that's not really my problem - product development timelines are what they are.\n\nAs for measuring success, I track technical metrics - user adoption rates, system performance, and whether we hit our engineering milestones. At AlgoSystems, we launched our NLP product and achieved a 31% performance improvement over previous versions, which was the main goal.\n\nIf you're asking about marketing activities, that's not really my domain. The marketing team usually handled things like announcements and webinars. They often wanted me to join customer calls to explain technical details, which was annoying because it took time away from my actual work.\n\nOne time our VP of Marketing got upset because I hadn't provided \""customer-friendly messaging\"" for a launch, but that's marketing's job, not mine. I build the product; they're supposed to figure out how to sell it..""}, {""interviewer_response"": ""Interviewer: \n\n\n\n\n\nI understand. Let's talk about the final area - product maintenance and end-of-life cycles. How do you approach maintaining products after launch? When and how do you make decisions about sunsetting features or entire products?."", ""interviewee_response"": ""You answered: I don't spend much time thinking about maintenance - it's not the exciting part of product management. Once we launch, I usually move on to the next feature development. The engineering team handles bug fixes and maintenance issues; they just need to meet the performance metrics I established initially.\n\nFor sunsetting features, it's pretty obvious when something isn't working - the usage metrics show it. At NeuralTech, we had a visualization component that almost no one used, so I just removed it from the roadmap. Some customers complained, but the data showed it wasn't worth maintaining.\n\nI don't really use any formal framework for these decisions. It's inefficient to keep supporting features with low adoption, so I just cut them. At AlgoSystems, I removed three legacy features without much ceremony - just sent an email to customers giving them 30 days notice. The support team wasn't happy about the flood of customer calls, but they should have prepared better.\n\nAs for sunsetting entire products, that's typically a decision made by executives based on revenue. I provide the technical assessment, but I don't get involved in the business case. If they ask me, I tell them whether the technology is still competitive or if it's fallen behind.\n\nHonestly, I prefer building new things rather than maintaining old ones. Maintenance doesn't showcase technical innovation..""}]"
"I'm completely disillusioned with this candidate. They show no concern for customer impact, dismissing complaints and viewing support teams as annoyances rather than valuable sources of insight. Their approach to product decisions lacks structure and empathy, with no consideration for transition planning or customer communication. They view maintenance as beneath them rather than as an essential part of the product lifecycle. I'm now certain they would be a destructive hire who would damage customer relationships and team morale.",10,"This candidate has consistently demonstrated across all topics that they fundamentally misunderstand the product management role. Their approach to maintenance and sunsetting shows a complete disregard for customer impact and cross-functional collaboration. They make unilateral decisions without proper communication plans, leave support teams unprepared, and dismiss customer complaints rather than using them as learning opportunities. The comment about giving customers 30 days notice with ""no ceremony"" before removing features they rely on shows a shocking lack of customer empathy. Their preference for building ""new things"" over maintaining existing products reveals an immature approach that prioritizes personal interest over business value. This candidate would create significant customer satisfaction issues and likely damage retention rates. Combined with their previous answers showing disdain for marketing, sales, and business considerations, it's clear they view product management as a technical role rather than a customer-centric business function. This person should absolutely not be hired as a product manager - they would create team dysfunction, damage customer relationships, and misalign product development with business needs. They might excel in a purely technical role where their engineering mindset would be valuable, but they lack the fundamental skills and mindset needed for product management.","






Thank you for sharing all of that. We've covered all the areas I wanted to discuss today, from market positioning to product maintenance. Before we wrap up, do you have any questions for me about the role or the company?","I have a few questions, yes.

What's the technology stack you're using? I'd want to know how advanced your AI infrastructure is and if it's technically interesting enough for me.

How much autonomy would I have in making product decisions? At my previous roles, I found it frustrating when business people would override technical decisions that were clearly superior.

Also, what's the engineering team like? Are they open to pushing technical boundaries or are they more conservative? I work best with teams that prioritize technical excellence.

That's pretty much it. I'm mainly interested in the technical aspects of the role. I assume the standard stuff like compensation and benefits are competitive.",-5,"[{""interviewer_response"": ""Interviewer: \n\nThanks for the introduction, Casey. You clearly have strong technical expertise in AI products. I'd like to dive deeper into your product management approach now.\n\nLet's start with market positioning. For your AI data analysis tool at NeuralTech, how did you position it in the market? What was your target customer segment, and how did you differentiate your offering from alternatives?."", ""interviewee_response"": ""You answered: I positioned the tool as technically superior - it's 23% more accurate than competitors on standardized benchmarks. That's the main differentiator.\n\nAs for target customers, we aimed at enterprise data science teams. The engineering team developed features to handle large datasets, which aligned with enterprise needs. We had all the technical specifications that enterprise customers would want.\n\nThe market positioning was straightforward - we had better technology. I don't really understand why we needed to complicate it beyond that. Our VP of Marketing kept talking about \""value propositions\"" and \""customer pain points,\"" but customers should care about having the best algorithm.\n\nHonestly, one challenge was that the sales team kept bringing in prospects who weren't technically sophisticated enough to appreciate our product's advantages. They'd ask for simplified interfaces and basic features rather than focusing on our algorithmic improvements. If they'd targeted the right technical buyers like I suggested, we probably wouldn't have had the adoption issues I mentioned earlier..""}, {""interviewer_response"": ""Interviewer: \n\nI appreciate your technical focus, Casey. Let's shift to competitive analysis. Beyond benchmarking algorithm performance, what process did you use to evaluate competitors? How did you identify their strengths and weaknesses in terms of their overall offerings, pricing strategies, and go-to-market approaches?."", ""interviewee_response"": ""You answered: I didn't do much formal competitive analysis beyond the technical benchmarking. Our CTO ran those tests comparing our algorithms against competitors, and the 23% improvement was really all we needed to know.\n\nFor pricing, I looked at competitors' websites to see what they charged, and we positioned ourselves slightly higher since our technology was better. I figured customers would pay more for superior performance.\n\nAs for strengths and weaknesses, it was pretty obvious - our strength was technical excellence, and their weakness was inferior algorithms. Our VP of Marketing kept insisting we needed to do customer interviews and competitive analysis spreadsheets, but that seemed like a waste of time when the technical differences were so clear.\n\nGo-to-market wasn't really my focus. I built the product roadmap based on what features would improve our technical metrics. The marketing team was supposed to handle the rest, but they kept asking me for \""customer stories\"" and \""use cases\"" instead of just explaining our technical advantages. If customers can't see why a 23% better algorithm is valuable, I don't know what to tell them..""}, {""interviewer_response"": ""Interviewer: \n\nThank you for that perspective. Let's talk about TAM calculation - Total Addressable Market. How did you approach calculating the market opportunity for your AI data analysis tool? What methodology did you use to estimate market size and potential revenue?."", ""interviewee_response"": ""You answered: I didn't personally calculate the TAM - that's more of a business thing that our CEO handled. I remember seeing some slides about it in investor presentations with big numbers, maybe billions or something.\n\nIf I had to guess, I think they just looked at how many enterprises might need data analysis and multiplied by some average deal size. That's the standard formula, right?\n\nThe way I see it, TAM calculations are mostly made-up numbers to impress investors. What really matters is building superior technology. If your product is 23% better than competitors, the market size takes care of itself.\n\nOur VP of Sales once asked me to help refine the TAM calculation, but I told him I needed to focus on the product roadmap instead. The engineering team needed my input on technical specifications, which seemed more important than these theoretical market projections that never match reality anyway..""}, {""interviewer_response"": ""Interviewer: \n\nI understand. Let's move to documentation processes. Could you describe your approach to creating MRDs (Market Requirements Documents) and PRDs (Product Requirements Documents)? What information do you include in each, and how do you ensure they effectively communicate customer needs to engineering teams?."", ""interviewee_response"": ""You answered: Documentation is straightforward. For PRDs, I focus on the technical specifications and acceptance criteria - things like algorithm performance thresholds, data processing capabilities, and API requirements. I create detailed flowcharts and system diagrams that engineers can follow.\n\nAs for MRDs... honestly, I don't really write formal MRDs. I've read about them in articles, but they seem redundant. I typically just have a section at the beginning of the PRD that mentions what problem we're solving. The engineers care about the technical requirements, not marketing fluff.\n\nWhen communicating with the engineering team, I make sure to be precise about technical specifications. They appreciate that I don't waste their time with unnecessary customer stories or \""user journeys\"" like our product marketing manager always wants to include. \n\nOne time our CTO complained that my documentation didn't explain \""why\"" we were building certain features, but I told him the \""why\"" was obvious - to make the product technically superior. If the documentation specifies a 35% improvement in processing speed, do I really need to explain why that's good?.""}, {""interviewer_response"": ""Interviewer: \n\n\n\nI see. Now let's talk about your relationship with engineering teams. How do you collaborate with engineering throughout the development process? How do you handle situations where technical constraints might impact your product vision?."", ""interviewee_response"": ""You answered: Engineering teams are the easiest part of my job - I speak their language. I typically hold weekly stand-ups where I present the requirements and answer any technical questions. I'm very specific about what needs to be built, so there's minimal confusion.\n\nWhen technical constraints come up, I usually push back. Engineers sometimes claim things are \""too difficult\"" or \""will take too long\"" when they just need to work harder. At NeuralTech, the engineering team said implementing our advanced classification algorithm would take three months, but I challenged them to do it in six weeks. Sure, they weren't happy, but technical excellence requires pushing boundaries.\n\nIf something truly can't be done, I'll adjust the specifications, but I make sure engineers provide detailed technical justification first. Too often they just want easier work.\n\nThe relationship works best when engineering acknowledges my technical expertise. At AlgoSystems, some engineers questioned my architecture decisions, which was frustrating since I had already determined the optimal approach. Eventually, they realized I was right when the implementation succeeded.\n\nI don't bother engineering with business concerns - they just need clear technical requirements so they can execute what I've designed..""}, {""interviewer_response"": ""Interviewer: \n\n\n\nThank you for sharing that perspective. Now, let's discuss the product launch process. Could you walk me through how you approach pre-launch activities and the actual launch of a product? What cross-functional teams do you work with, and how do you measure launch success?."", ""interviewee_response"": ""You answered: Look, product launches are pretty straightforward. I create the technical specs, the engineering team builds the product, and then it gets released. At NeuralTech, I made sure all the features were fully functional and passed QA testing before launch.\n\nFor cross-functional coordination, I'd usually send emails to the marketing and sales teams with the technical specifications and release date. Sometimes they'd complain they needed more lead time, but that's not really my problem - product development timelines are what they are.\n\nAs for measuring success, I track technical metrics - user adoption rates, system performance, and whether we hit our engineering milestones. At AlgoSystems, we launched our NLP product and achieved a 31% performance improvement over previous versions, which was the main goal.\n\nIf you're asking about marketing activities, that's not really my domain. The marketing team usually handled things like announcements and webinars. They often wanted me to join customer calls to explain technical details, which was annoying because it took time away from my actual work.\n\nOne time our VP of Marketing got upset because I hadn't provided \""customer-friendly messaging\"" for a launch, but that's marketing's job, not mine. I build the product; they're supposed to figure out how to sell it..""}, {""interviewer_response"": ""Interviewer: \n\n\n\n\n\nI understand. Let's talk about the final area - product maintenance and end-of-life cycles. How do you approach maintaining products after launch? When and how do you make decisions about sunsetting features or entire products?."", ""interviewee_response"": ""You answered: I don't spend much time thinking about maintenance - it's not the exciting part of product management. Once we launch, I usually move on to the next feature development. The engineering team handles bug fixes and maintenance issues; they just need to meet the performance metrics I established initially.\n\nFor sunsetting features, it's pretty obvious when something isn't working - the usage metrics show it. At NeuralTech, we had a visualization component that almost no one used, so I just removed it from the roadmap. Some customers complained, but the data showed it wasn't worth maintaining.\n\nI don't really use any formal framework for these decisions. It's inefficient to keep supporting features with low adoption, so I just cut them. At AlgoSystems, I removed three legacy features without much ceremony - just sent an email to customers giving them 30 days notice. The support team wasn't happy about the flood of customer calls, but they should have prepared better.\n\nAs for sunsetting entire products, that's typically a decision made by executives based on revenue. I provide the technical assessment, but I don't get involved in the business case. If they ask me, I tell them whether the technology is still competitive or if it's fallen behind.\n\nHonestly, I prefer building new things rather than maintaining old ones. Maintenance doesn't showcase technical innovation..""}, {""interviewer_response"": ""Interviewer: \n\n\n\n\n\n\nThank you for sharing all of that. We've covered all the areas I wanted to discuss today, from market positioning to product maintenance. Before we wrap up, do you have any questions for me about the role or the company?."", ""interviewee_response"": ""You answered: I have a few questions, yes.\n\nWhat's the technology stack you're using? I'd want to know how advanced your AI infrastructure is and if it's technically interesting enough for me.\n\nHow much autonomy would I have in making product decisions? At my previous roles, I found it frustrating when business people would override technical decisions that were clearly superior.\n\nAlso, what's the engineering team like? Are they open to pushing technical boundaries or are they more conservative? I work best with teams that prioritize technical excellence.\n\nThat's pretty much it. I'm mainly interested in the technical aspects of the role. I assume the standard stuff like compensation and benefits are competitive..""}]"
"I'm deeply concerned about this candidate's priorities and understanding of product management. They're exclusively focused on technical aspects while showing no interest in customers, business strategy, or company culture. Their questions reveal they view the job as a technical role rather than a business function and they seem resentful of ""business people"" influencing product decisions. I'm convinced this person would be a poor fit for a product management position.",20,"This candidate's questions are the final confirmation that they are completely misaligned with product management as a discipline. Every question focuses exclusively on technical aspects - not a single question about customers, business strategy, market opportunity, or cross-functional collaboration. Their comment about ""business people"" overriding ""technically superior"" decisions reveals they view the business side as an obstacle rather than the core purpose of product development. They explicitly prioritize technical interests over business outcomes and show no curiosity about the company's mission, products, or customers. This conclusively demonstrates they are seeking an advanced technical role, not a true product management position. This person would be unhappy and unsuccessful as a product manager, where business strategy and customer needs should drive technical decisions, not the other way around. I strongly recommend against moving forward with this candidate for any product management role. They would be better suited for a technical architect or engineering leadership position where their technical focus would be an asset rather than a liability.","



I appreciate your questions, Casey. Our technology stack includes several cutting-edge components, though I should emphasize that in our product management roles, we look for individuals who balance technical understanding with strong business acumen and customer focus.

Regarding autonomy, our product managers certainly have decision-making authority, but we view product development as a collaborative process. The most successful product decisions come from synthesizing technical possibilities with customer needs and business strategy - no single perspective overrides others by default.

Our engineering team is talented and innovative, though they're focused on solving real customer problems rather than pursuing technical advancement for its own sake. We find the most compelling innovation happens when technical excellence is directed toward customer outcomes.

I'm curious - what aspects of product management do you find most rewarding? Is there anything about customers or business strategy you'd like to know more about?","I find working with the engineering team on technical innovation most rewarding. When we develop new algorithms that outperform the competition, that's obviously the most interesting part of the job. The satisfaction comes from solving complex technical challenges and seeing the metrics improve.

Business strategy is fine in theory, I guess. I've read the standard product management books about it. Customers are important because they use the product, but engineers and I usually know what features would be best anyway. 

I don't really need to know more about the business aspects - that's what the marketing and sales teams are for. They handle the customer stuff while I focus on building superior technology. That division of responsibilities makes the most sense.

If your company expects product managers to spend a lot of time on non-technical tasks like customer interviews and marketing plans, I might not be the right fit. I'm most effective when I can focus on technical excellence rather than getting distracted by business meetings.",10,"[{""interviewer_response"": ""Interviewer: \n\nThanks for the introduction, Casey. You clearly have strong technical expertise in AI products. I'd like to dive deeper into your product management approach now.\n\nLet's start with market positioning. For your AI data analysis tool at NeuralTech, how did you position it in the market? What was your target customer segment, and how did you differentiate your offering from alternatives?."", ""interviewee_response"": ""You answered: I positioned the tool as technically superior - it's 23% more accurate than competitors on standardized benchmarks. That's the main differentiator.\n\nAs for target customers, we aimed at enterprise data science teams. The engineering team developed features to handle large datasets, which aligned with enterprise needs. We had all the technical specifications that enterprise customers would want.\n\nThe market positioning was straightforward - we had better technology. I don't really understand why we needed to complicate it beyond that. Our VP of Marketing kept talking about \""value propositions\"" and \""customer pain points,\"" but customers should care about having the best algorithm.\n\nHonestly, one challenge was that the sales team kept bringing in prospects who weren't technically sophisticated enough to appreciate our product's advantages. They'd ask for simplified interfaces and basic features rather than focusing on our algorithmic improvements. If they'd targeted the right technical buyers like I suggested, we probably wouldn't have had the adoption issues I mentioned earlier..""}, {""interviewer_response"": ""Interviewer: \n\nI appreciate your technical focus, Casey. Let's shift to competitive analysis. Beyond benchmarking algorithm performance, what process did you use to evaluate competitors? How did you identify their strengths and weaknesses in terms of their overall offerings, pricing strategies, and go-to-market approaches?."", ""interviewee_response"": ""You answered: I didn't do much formal competitive analysis beyond the technical benchmarking. Our CTO ran those tests comparing our algorithms against competitors, and the 23% improvement was really all we needed to know.\n\nFor pricing, I looked at competitors' websites to see what they charged, and we positioned ourselves slightly higher since our technology was better. I figured customers would pay more for superior performance.\n\nAs for strengths and weaknesses, it was pretty obvious - our strength was technical excellence, and their weakness was inferior algorithms. Our VP of Marketing kept insisting we needed to do customer interviews and competitive analysis spreadsheets, but that seemed like a waste of time when the technical differences were so clear.\n\nGo-to-market wasn't really my focus. I built the product roadmap based on what features would improve our technical metrics. The marketing team was supposed to handle the rest, but they kept asking me for \""customer stories\"" and \""use cases\"" instead of just explaining our technical advantages. If customers can't see why a 23% better algorithm is valuable, I don't know what to tell them..""}, {""interviewer_response"": ""Interviewer: \n\nThank you for that perspective. Let's talk about TAM calculation - Total Addressable Market. How did you approach calculating the market opportunity for your AI data analysis tool? What methodology did you use to estimate market size and potential revenue?."", ""interviewee_response"": ""You answered: I didn't personally calculate the TAM - that's more of a business thing that our CEO handled. I remember seeing some slides about it in investor presentations with big numbers, maybe billions or something.\n\nIf I had to guess, I think they just looked at how many enterprises might need data analysis and multiplied by some average deal size. That's the standard formula, right?\n\nThe way I see it, TAM calculations are mostly made-up numbers to impress investors. What really matters is building superior technology. If your product is 23% better than competitors, the market size takes care of itself.\n\nOur VP of Sales once asked me to help refine the TAM calculation, but I told him I needed to focus on the product roadmap instead. The engineering team needed my input on technical specifications, which seemed more important than these theoretical market projections that never match reality anyway..""}, {""interviewer_response"": ""Interviewer: \n\nI understand. Let's move to documentation processes. Could you describe your approach to creating MRDs (Market Requirements Documents) and PRDs (Product Requirements Documents)? What information do you include in each, and how do you ensure they effectively communicate customer needs to engineering teams?."", ""interviewee_response"": ""You answered: Documentation is straightforward. For PRDs, I focus on the technical specifications and acceptance criteria - things like algorithm performance thresholds, data processing capabilities, and API requirements. I create detailed flowcharts and system diagrams that engineers can follow.\n\nAs for MRDs... honestly, I don't really write formal MRDs. I've read about them in articles, but they seem redundant. I typically just have a section at the beginning of the PRD that mentions what problem we're solving. The engineers care about the technical requirements, not marketing fluff.\n\nWhen communicating with the engineering team, I make sure to be precise about technical specifications. They appreciate that I don't waste their time with unnecessary customer stories or \""user journeys\"" like our product marketing manager always wants to include. \n\nOne time our CTO complained that my documentation didn't explain \""why\"" we were building certain features, but I told him the \""why\"" was obvious - to make the product technically superior. If the documentation specifies a 35% improvement in processing speed, do I really need to explain why that's good?.""}, {""interviewer_response"": ""Interviewer: \n\n\n\nI see. Now let's talk about your relationship with engineering teams. How do you collaborate with engineering throughout the development process? How do you handle situations where technical constraints might impact your product vision?."", ""interviewee_response"": ""You answered: Engineering teams are the easiest part of my job - I speak their language. I typically hold weekly stand-ups where I present the requirements and answer any technical questions. I'm very specific about what needs to be built, so there's minimal confusion.\n\nWhen technical constraints come up, I usually push back. Engineers sometimes claim things are \""too difficult\"" or \""will take too long\"" when they just need to work harder. At NeuralTech, the engineering team said implementing our advanced classification algorithm would take three months, but I challenged them to do it in six weeks. Sure, they weren't happy, but technical excellence requires pushing boundaries.\n\nIf something truly can't be done, I'll adjust the specifications, but I make sure engineers provide detailed technical justification first. Too often they just want easier work.\n\nThe relationship works best when engineering acknowledges my technical expertise. At AlgoSystems, some engineers questioned my architecture decisions, which was frustrating since I had already determined the optimal approach. Eventually, they realized I was right when the implementation succeeded.\n\nI don't bother engineering with business concerns - they just need clear technical requirements so they can execute what I've designed..""}, {""interviewer_response"": ""Interviewer: \n\n\n\nThank you for sharing that perspective. Now, let's discuss the product launch process. Could you walk me through how you approach pre-launch activities and the actual launch of a product? What cross-functional teams do you work with, and how do you measure launch success?."", ""interviewee_response"": ""You answered: Look, product launches are pretty straightforward. I create the technical specs, the engineering team builds the product, and then it gets released. At NeuralTech, I made sure all the features were fully functional and passed QA testing before launch.\n\nFor cross-functional coordination, I'd usually send emails to the marketing and sales teams with the technical specifications and release date. Sometimes they'd complain they needed more lead time, but that's not really my problem - product development timelines are what they are.\n\nAs for measuring success, I track technical metrics - user adoption rates, system performance, and whether we hit our engineering milestones. At AlgoSystems, we launched our NLP product and achieved a 31% performance improvement over previous versions, which was the main goal.\n\nIf you're asking about marketing activities, that's not really my domain. The marketing team usually handled things like announcements and webinars. They often wanted me to join customer calls to explain technical details, which was annoying because it took time away from my actual work.\n\nOne time our VP of Marketing got upset because I hadn't provided \""customer-friendly messaging\"" for a launch, but that's marketing's job, not mine. I build the product; they're supposed to figure out how to sell it..""}, {""interviewer_response"": ""Interviewer: \n\n\n\n\n\nI understand. Let's talk about the final area - product maintenance and end-of-life cycles. How do you approach maintaining products after launch? When and how do you make decisions about sunsetting features or entire products?."", ""interviewee_response"": ""You answered: I don't spend much time thinking about maintenance - it's not the exciting part of product management. Once we launch, I usually move on to the next feature development. The engineering team handles bug fixes and maintenance issues; they just need to meet the performance metrics I established initially.\n\nFor sunsetting features, it's pretty obvious when something isn't working - the usage metrics show it. At NeuralTech, we had a visualization component that almost no one used, so I just removed it from the roadmap. Some customers complained, but the data showed it wasn't worth maintaining.\n\nI don't really use any formal framework for these decisions. It's inefficient to keep supporting features with low adoption, so I just cut them. At AlgoSystems, I removed three legacy features without much ceremony - just sent an email to customers giving them 30 days notice. The support team wasn't happy about the flood of customer calls, but they should have prepared better.\n\nAs for sunsetting entire products, that's typically a decision made by executives based on revenue. I provide the technical assessment, but I don't get involved in the business case. If they ask me, I tell them whether the technology is still competitive or if it's fallen behind.\n\nHonestly, I prefer building new things rather than maintaining old ones. Maintenance doesn't showcase technical innovation..""}, {""interviewer_response"": ""Interviewer: \n\n\n\n\n\n\nThank you for sharing all of that. We've covered all the areas I wanted to discuss today, from market positioning to product maintenance. Before we wrap up, do you have any questions for me about the role or the company?."", ""interviewee_response"": ""You answered: I have a few questions, yes.\n\nWhat's the technology stack you're using? I'd want to know how advanced your AI infrastructure is and if it's technically interesting enough for me.\n\nHow much autonomy would I have in making product decisions? At my previous roles, I found it frustrating when business people would override technical decisions that were clearly superior.\n\nAlso, what's the engineering team like? Are they open to pushing technical boundaries or are they more conservative? I work best with teams that prioritize technical excellence.\n\nThat's pretty much it. I'm mainly interested in the technical aspects of the role. I assume the standard stuff like compensation and benefits are competitive..""}, {""interviewer_response"": ""Interviewer: \n\n\n\nI appreciate your questions, Casey. Our technology stack includes several cutting-edge components, though I should emphasize that in our product management roles, we look for individuals who balance technical understanding with strong business acumen and customer focus.\n\nRegarding autonomy, our product managers certainly have decision-making authority, but we view product development as a collaborative process. The most successful product decisions come from synthesizing technical possibilities with customer needs and business strategy - no single perspective overrides others by default.\n\nOur engineering team is talented and innovative, though they're focused on solving real customer problems rather than pursuing technical advancement for its own sake. We find the most compelling innovation happens when technical excellence is directed toward customer outcomes.\n\nI'm curious - what aspects of product management do you find most rewarding? Is there anything about customers or business strategy you'd like to know more about?."", ""interviewee_response"": ""You answered: I find working with the engineering team on technical innovation most rewarding. When we develop new algorithms that outperform the competition, that's obviously the most interesting part of the job. The satisfaction comes from solving complex technical challenges and seeing the metrics improve.\n\nBusiness strategy is fine in theory, I guess. I've read the standard product management books about it. Customers are important because they use the product, but engineers and I usually know what features would be best anyway. \n\nI don't really need to know more about the business aspects - that's what the marketing and sales teams are for. They handle the customer stuff while I focus on building superior technology. That division of responsibilities makes the most sense.\n\nIf your company expects product managers to spend a lot of time on non-technical tasks like customer interviews and marketing plans, I might not be the right fit. I'm most effective when I can focus on technical excellence rather than getting distracted by business meetings..""}]"
